{
  "startpoint": [
    51.496169,
    -3.222202
  ],
  "endpoints": [
    [
      51.410239,
      -3.414304
    ],
    [
      51.500841,
      -0.14299
    ],
    [
      38.897699,
      -77.036553
    ],
    [
      51.532325,
      -0.177922
    ],
    [
      0,
      0
    ],
    [
      -90,
      0
    ]
  ]
}